symbol,date,price,fair_value,rsi,earnings_growth,fair_value_below_price
AAL,2026-09-28,13.87,10.3,49.11,-163.46,True
AALB,2026-09-28,42.14,43.93,52.39,1.69,False
AAPL,2026-09-28,341.07,285.0,65.34,32.61,True
ABBV,2026-09-28,264.34,200.0,62.52,68.31,True
ABEV,2026-09-28,2.91,3.6,39.32,20.05,False
ABF,2026-09-28,1860.5,2000.0,38.92,-24.87,False
ABN,2026-09-28,43.65,39.0,60.64,9.43,True
ABNB,2026-09-28,157.47,185.0,37.63,6.15,False
ABT,2026-09-28,101.29,107.0,35.87,-61.31,False
ACHR,2026-09-28,5.61,6.26,43.51,15.37,False
ACN,2026-09-28,176.11,223.0,43.72,-0.34,False
ACS,2026-09-28,93.6,94.77,34.54,14.97,False
AD,2026-09-28,31.76,39.0,55.99,24.31,False
ADA,2026-09-28,,,59.02,,
ADBE,2026-09-28,235.47,344.0,34.51,11.66,False
ADI,2026-09-28,393.6,380.0,61.05,114.38,True
ADM,2026-09-28,81.12,65.0,42.17,60.79,True
ADP,2026-09-28,263.67,263.0,39.5,9.62,True
ADS,2026-09-28,146.5,185.0,48.94,15.24,False
ADSK,2026-09-28,209.4,268.0,35.29,60.06,False
ADYEN,2026-09-28,875.5,1620.0,37.4,12.18,False
AEM,2026-09-28,194.48,87.0,41.18,88.59,True
AEP,2026-09-28,118.35,141.0,31.73,-15.47,False
AFRM,2026-09-28,71.52,67.0,42.16,4209.68,True
AGN,2026-09-28,7.85,8.0,44.62,-22.63,False
AKZA,2026-09-28,56.84,60.0,37.31,53.05,False
ALB,2026-09-28,109.73,200.0,34.62,99.61,False
ALH,2026-09-28,21.86,24.64,40.46,-99.36,False
ALNY,2026-09-28,255.96,299.0,53.79,,False
AMAT,2026-09-28,485.0,520.0,53.93,38.27,False
AMBUB,2026-08-26,,,35.28,41.78,
AMD,2026-09-28,630.63,530.0,65.15,124.28,True
AMGN,2026-09-28,414.61,342.0,57.78,31.7,True
AMRZ,2026-09-28,38.22,59.0,33.42,1.52,False
AMT,2026-09-28,169.03,225.0,39.31,164.02,False
AMX,2026-09-28,22.03,22.0,23.87,76.62,True
AMZN,2026-09-28,249.67,300.0,41.75,89.73,False
ANET,2026-09-28,206.55,230.0,58.9,24.73,False
AON,2026-09-28,277.99,341.0,22.5,51.85,False
APD,2026-09-28,281.76,325.0,35.09,-103.09,False
APG,2026-09-28,38.46,37.92,41.91,-299.94,True
APH,2026-09-28,84.09,200.0,55.36,59.36,False
APO,2026-09-28,121.69,135.0,33.83,-50.12,False
APP,2026-09-28,310.75,470.0,41.65,93.28,False
ARYN,2026-09-28,36.65,56.52,36.77,-1.49,False
AS,2026-09-28,27.77,46.0,41.28,132.23,False
ASM,2026-09-28,844.6,950.0,54.47,104.67,False
ASML,2026-09-28,1522.6,1800.0,58.77,14.7,False
AVAX,2026-09-28,,,63.42,,
AVGO,2026-09-28,352.81,650.0,42.74,100.12,False
AVT,2026-09-28,103.075,84.15,61.13,46.11,True
AXP,2026-09-28,308.89,335.0,34.36,15.72,False
BA,2026-09-28,198.07,246.0,29.86,,False
BAB,2026-09-28,988.2,1085.0,41.09,-13.99,False
BAC,2026-09-28,56.7,66.0,27.57,27.25,False
BB,2026-09-28,8.21,5.2,54.04,,True
BBIO,2026-09-28,65.57,85.0,33.29,12.83,False
BC,2026-09-28,67.19,87.0,28.69,-306.25,False
BCE,2026-09-28,20.97,33.0,19.61,1313.29,False
BCH,2026-09-28,,,60.5,,
BDRX,2026-09-28,0.676,1.23,37.93,97.97,False
BESI,2026-09-28,187.6,265.0,41.28,25.03,False
BFAM,2026-09-28,65.86,81.29,37.94,4.02,False
BHP,2026-09-28,84.97,65.0,38.83,9.35,True
BILI,2026-09-28,14.895,36.0,43.15,593.5,False
BKNG,2026-09-28,163.95,217.0,34.37,57.21,False
BKR,2026-09-28,57.83,28.0,40.26,1.81,True
BKW,2026-09-28,120.4,140.43,30.41,-19.07,False
BLK,2026-09-28,1086.31,1200.0,43.56,-2.84,False
BLNK,2026-09-28,0.5793,0.75,50.01,80.7,False
BMY,2026-09-28,62.86,70.0,47.98,83.17,False
BN,2026-09-28,36.87,41.53,27.68,78.25,False
BNB,2026-09-28,,,57.47,,
BNTX,2026-09-28,98.52,76.0,49.18,-390.4,True
BNY,2026-09-28,150.15,135.0,28.52,31.19,True
BRK.B,2026-09-28,505.48,510.0,46.71,36.3,False
BROS,2026-09-28,37.89,29.0,20.62,50.65,True
BSP,2026-09-28,33.20000076293945,40.59,34.98,-100.14,False
BTC,2026-09-28,,,61.5,,
BX,2026-09-28,118.42,140.0,27.6,20.33,False
BYD,2026-09-28,78.1,107.0,30.19,-30.0,False
BYND,2026-09-28,8.35,20.32,30.92,13.06,False
C,2026-09-28,134.28,129.0,45.04,36.97,True
CAH,2026-09-28,220.22,235.0,33.67,12.39,False
CALM,2026-09-28,67.43,102.36,21.27,-73.75,False
CARM,2026-09-28,14.8,17.95,19.29,-15.14,False
CARR,2026-09-28,56.37,77.0,39.47,-43.38,False
CASY,2026-09-28,598.46,593.7,31.78,33.36,True
CAT,2026-09-28,821.58,720.0,50.99,18.22,True
CAVA,2026-09-28,51.58,18.0,35.46,-52.83,True
CB,2026-09-28,333.37,314.0,34.58,24.68,True
CCK,2026-09-28,108.06,121.23,34.47,45.87,False
CCL,2026-09-28,22.25,35.0,36.36,20.35,False
CDNS,2026-09-28,326.13,350.0,61.51,36.0,False
CEG,2026-09-28,263.27,332.09,40.55,7.15,False
CHG,2026-08-26,,,38.19,-21.8,
CHPT,2026-09-28,8.93,7.66,55.22,39.01,True
CHUGAI,2026-09-28,6616.0,8700.0,36.28,19.2,False
CI,2026-09-28,272.01,354.0,42.56,32.04,False
CL,2026-09-28,86.06,88.0,39.5,-28.95,False
CLOV,2026-09-28,4.49,3.67,45.31,53.74,True
CLX,2026-09-28,83.8,154.0,30.98,-26.25,False
CMCSA,2026-09-28,21.91,36.0,26.77,-49.0,False
CME,2026-09-28,264.48,285.0,41.35,14.12,False
CMI,2026-09-28,525.06,530.0,29.19,-7.96,False
CMS,2026-09-28,62.95,68.0,18.97,-1.79,False
CNC,2026-09-28,61.82,75.0,41.22,-358.11,False
CNM,2026-09-28,42.64,60.0,44.61,7.81,False
COCO,2026-09-28,58.59,45.5,45.44,67.79,True
COF,2026-09-28,200.2,214.0,36.25,731.42,False
COO,2026-09-28,55.38,87.0,33.67,44.27,False
COP,2026-09-28,127.3,126.0,43.97,1.26,True
COR,2026-09-28,306.92,360.0,38.13,38.37,False
COST,2026-09-28,922.765,740.0,52.68,14.03,True
CP,2026-09-28,86.91,75.0,36.54,-8.05,True
CPB,2026-09-28,19.37,41.5,35.05,-34.2,False
CPNG,2026-09-28,13.88,25.8,29.65,-314.45,False
CRH,2026-09-28,85.04,105.0,32.23,18.53,False
CRM,2026-09-28,234.02,280.0,46.48,59.33,False
CRS,2026-09-28,396.84,429.26,21.73,42.0,False
CRWD,2026-09-28,252.13,133.0,64.91,-939.1,True
CSCO,2026-09-28,106.7,115.0,42.26,27.48,False
CSX,2026-09-28,46.78,39.0,36.22,6.4,True
CTAS,2026-09-28,199.91,200.0,52.42,12.71,False
CTPNV,2026-09-28,12.9,16.11,29.61,-53.6,False
CTVA,2026-09-28,78.52,95.0,38.05,-26.4,False
CURY,2026-08-26,,,31.77,51.89,
CVS,2026-09-28,89.13,110.0,38.86,5.68,False
CVX,2026-09-28,204.45,192.0,52.09,34.63,True
CX,2026-09-28,9.71,10.62,29.34,-67.61,False
D,2026-09-28,,,22.96,-0.65,
DAL,2026-09-28,84.94,50.0,53.51,-12.69,True
DASH,2026-09-28,193.36,205.0,30.45,5.95,False
DD,2026-09-28,131.71,165.0,45.28,-211.26,False
DDOG,2026-09-28,268.13,200.0,68.11,41.43,True
DE,2026-09-28,690.46,600.0,55.86,-5.94,True
DECK,2026-09-28,78.67,130.0,34.64,8.22,False
DELL,2026-09-28,562.89,460.0,54.73,153.32,True
DEZ,2026-09-28,11.17,10.1,40.53,203.27,True
DG,2026-09-28,124.84,126.0,50.32,42.34,False
DGX,2026-09-28,236.32,204.0,46.76,12.73,True
DHI,2026-09-28,141.51,150.0,47.03,-15.75,False
DHR,2026-09-28,224.49,247.0,70.87,19.62,False
DIS,2026-09-28,106.15,125.0,51.17,-23.99,False
DKS,2026-09-28,136.43,200.0,40.48,-35.0,False
DOGE,2026-09-28,,,56.0,,
DOV,2026-09-28,,,44.2,-49.91,
DOW,2026-09-28,28.02,10.0,39.14,-30.14,True
DRS,2026-09-28,37.16,38.17,37.4,28.85,False
DSFIR,2026-09-28,97.78,103.0,67.81,-301.2,False
DTE,2026-09-28,27.0,38.0,35.76,-30.39,False
DUK,2026-09-28,113.35,131.0,25.61,8.98,False
DVA,2026-09-28,178.47,165.0,45.13,16.52,True
DVN,2026-09-28,47.05,56.0,46.98,-5.41,False
DXCM,2026-09-28,86.62,79.0,48.64,77.36,True
DY,2026-09-28,271.52,263.89,29.19,23.49,True
ECL,2026-09-28,279.49,305.0,53.65,-0.32,False
EFX,2026-09-28,148.11,205.0,23.2,11.28,False
EHC,2026-09-28,123.47,131.94,59.08,20.08,False
EIX,2026-09-28,52.65,81.0,29.38,42.64,False
EKT,2026-09-28,24.25,30.63,33.95,-67.05,False
EL,2026-09-28,94.47,120.0,44.74,,False
ELV,2026-09-28,396.09,474.0,42.62,-4.24,False
EMR,2026-09-28,158.23,104.0,60.9,-1.7,True
EN,2026-09-28,43.14,60.0,35.39,17.79,False
ENB,2026-09-28,46.74,54.0,30.91,-12.29,False
EOG,2026-09-28,140.35,150.0,44.83,25.0,False
EPAM,2026-09-28,108.23,136.0,43.89,5.27,False
EQIX,2026-09-28,1008.08,1100.0,42.15,52.11,False
ESAB,2026-09-28,71.91,121.0,38.92,-33.64,False
ETH,2026-09-28,,,62.59,,
ETN,2026-09-28,439.98,333.0,52.92,-1.12,True
ETR,2026-09-28,98.57,91.0,25.29,-2.65,True
ETSY,2026-09-28,68.44,70.0,34.24,35.94,False
EUZ,2026-09-28,12.17,16.01,47.37,35.27,False
EXC,2026-09-28,40.34,45.0,23.53,3.62,False
EXO,2026-09-28,70.55,81.95,47.44,-118.09,False
F,2026-09-28,12.71,19.0,31.53,-320.89,False
FANG,2026-09-28,186.67,220.0,38.94,-63.3,False
FAST,2026-09-28,50.43,39.9,54.71,13.57,True
FASTRET,2026-09-28,68620.0,66200.0,37.36,30.56,True
FBIN,2026-09-28,39.38,55.0,34.47,-61.18,False
FCX,2026-09-28,72.31,30.0,49.86,53.4,True
FDX,2026-09-28,285.85,257.0,32.67,9.93,True
FER,2026-09-28,48.56,80.0,39.09,-81.98,False
FERG,2026-09-28,222.74,235.0,51.15,37.48,False
FISV,2026-09-28,46.48,106.0,34.13,-12.86,False
FLOW,2026-09-28,26.92,29.79,29.7,-28.78,False
FME,2026-09-28,39.8,67.0,57.31,48.6,False
FND,2026-09-28,47.06,73.59,38.3,9.96,False
FTNT,2026-09-28,173.46,143.0,59.71,13.26,True
FTV,2026-09-28,,,41.05,-23.54,
FUR,2026-09-28,8.105,11.2,40.76,-146.77,False
FVRR,2026-09-28,8.55,13.79,38.05,72.12,False
GBLB,2026-09-28,73.2,75.67,33.81,-513.32,False
GD,2026-09-28,336.72,407.0,22.0,10.14,False
GE,2026-09-28,327.09,347.0,40.15,18.43,False
GEHC,2026-09-28,66.63,88.0,46.33,-10.91,False
GEV,2026-09-28,957.63,1050.0,50.8,735.94,False
GILD,2026-09-28,150.93,131.0,61.25,-152.84,True
GLE,2026-09-28,72.31,62.0,41.75,20.72,True
GLW,2026-09-28,156.74,155.0,47.53,130.83,True
GM,2026-09-28,82.63,86.0,41.45,-68.57,False
GOOGL,2026-09-28,343.92,433.0,47.37,112.02,False
GPC,2026-09-28,129.61,155.93,42.2,-95.7,False
GRAB,2026-09-28,3.13,5.6,44.32,422.64,False
GS,2026-09-28,935.45,730.0,33.22,42.77,True
GWW,2026-09-28,1243.07,1440.0,38.32,-0.59,False
H,2026-09-28,158.48,168.0,40.03,-80.9,False
HBAR,2026-09-28,,,81.24,,
HCA,2026-09-28,435.61,413.0,58.77,25.47,True
HD,2026-09-28,293.2,325.0,30.06,-2.93,False
HEI,2026-09-28,308.53,294.0,37.63,31.66,True
HEIA,2026-09-28,70.58,86.0,39.4,26.56,False
HFG,2026-09-28,2.285,4.86,32.66,78.7,False
HLN,2026-09-28,9.26,10.0,38.03,12.39,False
HLT,2026-09-28,313.96,270.0,55.82,4.54,True
HON,2026-09-28,212.55,186.0,45.85,53.73,True
HOOD,2026-09-28,119.4,57.0,54.03,14.7,True
HOYA,2026-09-28,23485.0,34000.0,47.12,32.14,False
HRL,2026-09-28,19.71,28.0,24.63,-54.63,False
HSIC,2026-09-28,86.37,84.69,44.71,10.35,True
HUBN,2026-09-28,186.4,152.97,51.56,-0.64,True
HUM,2026-09-28,397.93,350.0,54.17,-18.96,True
HWM,2026-09-28,232.48,229.74,37.46,35.49,True
IBKR,2026-09-28,89.24,70.0,42.26,31.74,True
IBM,2026-09-28,225.51,225.0,37.68,82.73,True
ICE,2026-09-28,154.31,182.0,45.77,35.92,False
INDV,2026-09-28,35.82,26.87,55.47,297.21,True
INGA,2026-09-28,31.795,25.0,56.38,6.9,True
INTC,2026-09-28,123.0,105.0,58.6,55.49,True
INTU,2026-09-28,275.79,455.0,27.86,20.32,False
INVH,2026-09-28,26.62,41.0,22.66,24.79,False
IP,2026-09-28,35.02,39.0,37.04,-6527.81,False
ISRG,2026-09-28,405.18,378.0,69.52,21.75,True
ITP,2026-09-28,30.38,31.61,68.84,-15.8,False
ITUB,2026-09-28,8.11,7.7,47.49,12.95,True
ITW,2026-09-28,274.32,249.0,48.74,-3.18,True
JBHT,2026-09-28,225.46,182.0,28.8,28.18,True
JCI,2026-09-28,150.2,129.0,56.01,70.85,True
JD,2026-09-28,26.51,36.0,36.91,-58.13,False
JNJ,2026-09-28,271.22,190.0,59.78,-7.72,True
JOBY,2026-09-28,6.32,9.99,35.24,7.33,False
JPM,2026-09-28,343.06,320.0,37.0,19.77,True
KBH,2026-09-28,48.01,67.75,38.12,-50.08,False
KKR,2026-09-28,96.67,105.0,33.29,50.44,False
KLAC,2026-09-28,187.92,175.0,53.53,20.66,True
KLAR,2026-09-28,12.8,38.3,24.98,-28.93,False
KMB,2026-09-28,98.43,133.0,36.55,-19.12,False
KMI,2026-09-28,30.75,31.0,41.89,27.19,False
KNF,2026-09-28,54.58,71.51,33.56,-8.74,False
KO,2026-09-28,87.81,75.0,44.22,17.6,True
KOS,2026-09-28,2.65,2.53,44.73,-253.59,True
KPN,2026-09-28,4.06,3.7,45.66,8.6,True
KRMN,2026-09-28,35.69,33.15,32.39,365.67,True
KRX,2026-09-28,97.05,11.0,51.28,1.91,True
KUAISHOU,2026-09-28,30.02,50.0,36.65,-0.71,False
LAND,2026-09-28,618.0,784.0,34.34,-12.92,False
LCID,2026-09-28,4.07,9.31,32.82,-18.66,False
LEN,2026-09-28,82.15,120.0,51.83,-47.7,False
LEVI,2026-09-28,19.73,21.36,32.82,20.73,False
LGN,2026-09-28,52.52,49.2,42.11,-11.28,True
LH,2026-09-28,309.64,293.0,43.39,33.35,True
LHA,2026-09-28,7.636,8.3,46.08,-62.23,False
LHX,2026-09-28,237.69,340.0,24.81,10.54,False
LIN,2026-09-28,469.89,540.0,47.31,10.1,False
LINK,2026-09-28,,,73.12,,
LITE,2026-09-28,941.65,640.28,48.42,-34971.97,True
LLY,2026-09-28,1183.46,980.0,57.68,95.14,True
LMT,2026-09-28,519.56,650.0,36.19,52.77,False
LOW,2026-09-28,189.28,255.0,32.04,-2.84,False
LPX,2026-09-28,66.7,81.52,41.57,-81.8,False
LRCX,2026-09-28,315.21,310.0,54.58,38.61,True
LTC,2026-09-28,,,71.08,,
LULU,2026-09-28,101.3,280.0,41.54,-16.47,False
LUV,2026-09-28,42.68,35.2,56.63,147.88,True
LYB,2026-09-28,58.14,10.0,38.72,-247.11,True
LYFT,2026-09-28,14.865,15.0,36.1,3166.42,False
LYG,2026-09-28,5.77,5.95,41.91,14.97,False
LYV,2026-09-28,170.87,145.0,47.33,-148.66,True
MA,2026-09-28,567.65,550.0,48.56,22.62,True
MAIRE,2026-09-28,12.09,11.52,54.97,17.22,True
MAR,2026-09-28,352.03,286.0,60.27,8.84,True
MC,2026-09-28,396.85,620.0,32.52,-0.26,False
MCD,2026-09-28,236.5,295.0,23.14,5.46,False
MCK,2026-09-28,866.64,930.0,43.37,49.11,False
MCO,2026-09-28,468.7,520.0,38.66,34.03,False
MDLZ,2026-09-28,60.25,77.0,38.62,-0.44,False
MDT,2026-09-28,88.64,112.0,39.65,12.15,False
MELI,2026-09-28,1752.61,2250.0,33.61,-9.25,False
META,2026-09-28,751.66,850.0,62.67,-3.86,False
MGM,2026-09-28,32.58,48.0,14.0,-8.96,False
MLM,2026-09-28,484.3,440.0,38.56,125.4,True
MLP,2026-09-28,9.8,9.37,70.46,15.73,True
MMM,2026-09-28,169.55,120.0,49.19,-21.67,True
MNST,2026-09-28,43.11,35.0,32.65,34.58,True
MO,2026-09-28,68.82,71.0,52.47,-8.23,False
MOZN,2026-09-28,12.38,11.61,31.76,-333.02,True
MPC,2026-09-28,393.52,186.0,54.75,330.27,True
MRK,2026-09-28,148.78,111.0,55.76,-80.71,True
MRSH,2026-09-28,171.12,191.0,30.23,-1.91,False
MRVL,2026-09-28,261.935,235.0,57.74,,True
MS,2026-09-28,196.31,184.0,29.21,40.23,True
MSFT,2026-09-28,516.17,600.0,60.17,31.55,False
MSI,2026-09-28,456.88,490.0,42.33,2.19,False
MT,2026-09-28,70.7,68.94,39.7,-27.53,True
MTZ,2026-09-28,212.85,31.0,32.67,86.28,True
MU,2026-09-28,1082.28,850.0,58.37,697.29,True
NCLH,2026-09-28,14.61,25.0,33.89,13.9,False
NEE,2026-09-28,76.08,88.0,21.38,55.3,False
NEM,2026-09-28,121.43,67.0,41.18,42.18,True
NEWAB,2026-08-26,,,35.99,-6.7,
NFLX,2026-09-28,71.145,80.0,33.85,35.27,False
NGG,2026-09-28,75.49,96.5,35.95,13.8,False
NIO,2026-09-28,3.58,6.5,30.09,82.72,False
NKE,2026-09-28,35.75,94.0,40.12,-2.83,False
NN,2026-09-28,79.96,80.0,52.42,44.63,False
NOC,2026-09-28,510.52,630.0,36.76,15.97,False
NOK,2026-09-28,10.39,8.5,45.42,-24.54,True
NOW,2026-09-28,135.62,165.0,46.81,0.77,False
NSC,2026-09-28,313.0,340.0,34.39,-20.86,False
NTES,2026-09-28,115.41,21.0,53.21,-2.22,True
NTR,2026-09-28,72.23,80.0,40.97,69.32,False
NUE,2026-09-28,247.25,206.89,41.37,126.29,True
NVDA,2026-09-28,225.07,280.0,60.39,125.15,False
NVO,2026-09-28,38.8,44.0,30.36,12.75,False
NVS,2026-09-28,145.46,140.0,49.95,-4.0,True
NXPI,2026-09-28,238.08,310.0,53.17,39.67,False
O,2026-09-28,55.54,72.0,16.36,33.39,False
OC,2026-09-28,123.91,163.44,35.97,-314.53,False
ODFL,2026-09-28,173.3,156.0,35.06,1.48,True
OGN,2026-09-28,13.73,12.73,57.82,-71.01,True
OKE,2026-09-28,88.63,98.0,36.64,12.85,False
ONON,2026-09-28,29.96,48.0,53.36,226.74,False
OPEN,2026-09-28,2.57,3.64,29.64,-306.34,False
ORA,2026-09-28,14.16,5.0,26.9,256.29,True
ORCL,2026-09-28,137.1,207.0,37.9,47.65,False
ORK,2026-09-28,93.35,111.37,43.75,-37.76,False
OXY,2026-09-28,56.86,62.0,41.29,98.33,False
PANW,2026-09-28,374.74,285.0,59.22,-67.97,True
PATH,2026-09-28,12.46,16.95,33.14,1782.63,False
PDD,2026-09-28,77.57,141.0,41.53,-1.7,False
PEP,2026-09-28,128.63,169.0,27.87,39.01,False
PFE,2026-09-28,28.67,32.0,66.13,-59.83,False
PFGC,2026-09-28,91.55,72.0,34.32,5.2,True
PG,2026-09-28,146.23,155.0,57.74,1.74,False
PGR,2026-09-28,205.5,198.0,42.56,12.3,True
PH,2026-09-28,978.33,680.0,48.73,5.02,True
PHIA,2026-09-28,21.87,35.0,46.96,,False
PHM,2026-09-28,119.85,138.16,45.7,-26.81,False
PII,2026-09-28,53.03,73.0,25.23,-144.43,False
PINS,2026-09-28,18.9,22.0,37.52,-87.74,False
PKG,2026-09-28,237.18,167.0,45.63,-23.22,True
PLD,2026-09-28,133.05,140.0,35.62,22.35,False
PLNT,2026-09-28,42.68,70.4,26.44,31.6,False
PLTR,2026-09-28,189.67,153.0,62.5,290.0,True
PLUG,2026-09-28,1.98,2.34,33.23,41.83,False
PLX,2026-09-28,14.5,20.49,41.9,26.29,False
PM,2026-09-28,190.48,185.0,55.95,32.01,True
PNC,2026-09-28,225.64,251.0,29.52,24.22,False
PNE3,2026-09-28,6.96,8.46,36.81,-27.65,False
PNR,2026-09-28,53.66,91.0,22.61,8.54,False
PONY,2026-09-28,6.89,8.47,50.03,54.07,False
PPG,2026-09-28,107.52,120.0,42.83,23.48,False
PROP,2026-09-28,0.426,0.85,38.27,49.55,False
PRX,2026-09-28,36.09,72.0,45.35,-4.52,False
PSX,2026-09-28,255.75,160.0,53.23,322.82,True
PTON,2026-09-28,4.92,6.32,37.78,,False
PUM,2026-09-28,22.36,40.5,44.0,-365.98,False
PWR,2026-09-28,649.13,410.0,51.38,35.41,True
PYPL,2026-09-28,55.04,80.0,47.79,13.3,False
QCOM,2026-09-28,201.97,170.0,55.85,-16.67,True
RACE,2026-09-28,411.33,416.0,39.96,0.46,False
RAND,2026-09-28,35.93,31.5,38.92,325.22,True
RBLX,2026-09-28,46.44,45.0,45.01,0.75,True
RCI,2026-09-28,31.91,51.0,23.79,285.15,False
RCL,2026-09-28,242.7,262.0,38.15,22.04,False
REGN,2026-09-28,788.04,730.0,39.36,1.95,True
RIG,2026-09-28,5.38,6.35,42.59,3.92,False
RIO,2026-09-28,94.56,88.0,35.76,16.87,True
RL,2026-09-28,357.1,250.0,52.24,26.61,True
ROL,2026-09-28,30.03,46.0,20.31,9.07,False
ROST,2026-09-28,236.12,176.0,53.3,31.42,True
RPI,2026-08-26,,,32.14,74.32,
RR,2026-09-28,1481.4,1520.0,49.55,-47.06,False
RRR,2026-09-28,50.76,57.62,31.81,7.62,False
RSG,2026-09-28,212.1,208.0,41.79,4.36,True
RTO,2026-09-28,308.7,510.0,23.19,38.7,False
RTX,2026-09-28,189.4,214.0,27.21,24.77,False
SANDS,2026-09-28,11.91,23.0,23.61,-3.66,False
SAP,2026-09-28,185.92,265.0,52.96,22.75,False
SARO,2026-09-28,22.74,42.4,32.58,144.62,False
SBUX,2026-09-28,94.86,86.0,34.07,-24.99,True
SCCO,2026-09-28,203.92,108.37,51.77,55.92,True
SCHW,2026-09-28,99.03,124.0,29.14,48.05,False
SESG,2026-09-28,4.468,5.38,29.19,-490.53,False
SEYE,2026-09-28,52.65,91.86,31.47,40.3,False
SFD,2026-09-28,19.04,24.69,22.26,15.98,False
SFHOLD,2026-09-28,28.56,52.9,30.16,8.09,False
SGO,2026-09-28,69.82,82.0,37.67,-4.1,False
SHEL,2026-09-28,95.78,95.0,61.72,103.09,True
SHIB,2026-09-28,,,53.61,,
SHOP,2026-09-28,142.25,145.0,52.5,-19.9,False
SHW,2026-09-28,329.1,340.0,49.86,7.71,False
SLB,2026-09-28,51.54,51.0,40.18,-29.43,True
SLGN,2026-09-28,35.91,52.33,26.89,-9.67,False
SMG,2026-09-28,50.89,80.0,23.69,48.88,False
SNAP,2026-09-28,5.42,7.0,46.24,42.93,False
SNDK,2026-09-28,1777.8,1000.0,53.19,,True
SNPS,2026-09-28,425.76,520.0,56.01,-55.68,False
SO,2026-09-28,82.88,83.0,20.04,7.0,False
SOL,2026-09-28,,,63.2,,
SOLV,2026-09-28,89.5,71.0,53.18,276.86,True
SON,2026-09-28,50.06,55.33,37.11,141.09,False
SOUN,2026-09-28,6.05,7.94,37.78,1.33,False
SPCX,2026-09-28,146.81500244140625,62.0,50.91,-27071.43,True
SPGI,2026-09-28,403.3,505.0,37.21,26.22,False
SPIE,2026-09-28,43.46,44.63,41.48,48.04,False
SRE,2026-09-28,77.93,93.0,27.98,-16.44,False
STE,2026-09-28,208.93,244.0,38.05,24.05,False
STLA,2026-09-28,4.6,10.0,34.88,-239.02,False
STLD,2026-09-28,233.66,202.3,42.3,60.82,True
STX,2026-09-28,916.83,700.0,56.66,104.84,True
SUI,2026-09-28,,,66.05,,
SW,2026-09-28,46.41,62.87,47.46,42.25,False
SWK,2026-09-28,91.4,117.44,40.56,30.04,False
SYK,2026-09-28,,,35.79,27.71,
SYY,2026-09-28,78.46,86.0,38.61,-2.14,False
T,2026-09-28,25.38,27.0,45.07,72.38,False
TCOM,2026-09-28,39.43,63.0,38.22,33.3,False
TGT,2026-09-28,157.45,121.0,52.23,12.34,True
TGYM,2026-09-28,13.26,12.07,53.87,21.18,True
THC,2026-09-28,259.71,285.0,48.47,66.0,False
TJX,2026-09-28,130.06,125.0,40.22,23.38,True
TKC,2026-09-28,5.17,5.82,41.73,2.15,False
TM,2026-09-28,190.34,237.0,43.93,4.59,False
TMO,2026-09-28,675.0,560.0,73.33,7.6,True
TMUS,2026-09-28,165.43,235.0,37.98,-9.89,False
TNL,2026-09-28,63.66,66.17,34.88,-36.46,False
TOL,2026-09-28,137.34,152.0,46.27,-8.47,False
TPR,2026-09-28,113.88,96.0,34.95,1049.79,True
TRN,2026-08-26,,,32.15,51.11,
TRV,2026-09-28,363.04,262.0,44.23,65.14,True
TRX,2026-09-28,,,45.44,,
TSLA,2026-09-28,372.11,450.0,48.14,-37.67,False
TSN,2026-09-28,50.92,54.03,34.29,-26.44,False
TT,2026-09-28,454.44,422.0,54.27,4.75,True
TTWO,2026-09-28,201.44,170.0,33.74,92.77,True
TU,2026-09-28,8.48,14.5,20.85,-185.54,False
TXN,2026-09-28,278.07,325.0,58.42,20.16,False
TXRH,2026-09-28,159.75,133.0,16.92,-4.75,True
UAL,2026-09-28,113.99,102.0,48.09,7.2,True
UBER,2026-09-28,69.62,76.0,34.48,-22.81,False
UHS,2026-09-28,178.86,212.0,56.14,29.35,False
UMG,2026-09-28,14.59,17.0,44.41,-87.52,False
UNH,2026-09-28,376.59,475.0,39.68,-32.64,False
UNI,2026-09-28,,,60.11,,
UNP,2026-09-28,273.79,250.0,33.52,7.26,True
UPS,2026-09-28,93.96,109.0,34.13,-20.14,False
UPST,2026-09-28,23.81,34.54,31.42,,False
USB,2026-09-28,59.33,65.0,36.14,19.95,False
USFD,2026-09-28,93.33,61.0,29.47,39.01,True
V,2026-09-28,367.38,330.0,50.14,15.03,True
VIE,2026-09-28,31.36,33.0,29.07,13.17,False
VIK,2026-09-28,80.3,74.06,31.07,62.44,True
VIPS,2026-09-28,12.38,31.0,38.36,63.05,False
VLO,2026-09-28,387.18,190.0,59.31,899.64,True
VMC,2026-09-28,245.0,198.0,38.1,18.43,True
VNA,2026-09-28,17.17,19.0,22.8,894.92,False
VOD,2026-09-28,16.62,27.0,49.13,87.02,False
VRT,2026-09-28,253.28,29.0,43.85,111.13,True
VRTX,2026-09-28,526.19,450.0,54.26,22.86,True
VST,2026-09-28,138.46,106.0,41.05,-6.01,True
VVV,2026-09-28,28.92,35.08,37.51,-63.29,False
VZ,2026-09-28,47.08,54.0,37.48,-10.79,False
WDC,2026-09-28,456.81,420.0,46.74,370.63,True
WELL,2026-09-28,231.37,192.0,49.45,-145.42,True
WFC,2026-09-28,82.97,90.0,34.59,18.05,False
WHR,2026-09-28,31.71,66.05,32.0,,False
WKL,2026-09-28,68.66,120.0,47.22,22.74,False
WM,2026-09-28,206.83,220.0,31.21,4.82,False
WMB,2026-09-28,69.26,69.0,34.78,26.39,True
WMT,2026-09-28,107.98,81.0,51.33,4.13,True
WY,2026-09-28,20.01,25.8,21.57,70.2,False
WYNN,2026-09-28,81.12,118.0,26.24,23.17,False
XEL,2026-09-28,69.8,74.0,25.63,1.34,False
XIAOMI,2026-09-28,25.9,33.0,43.52,-11.21,False
XLM,2026-09-28,,,65.46,,
XOM,2026-09-28,160.59,156.0,52.23,10.17,True
XPEV,2026-09-28,10.12,18.0,31.96,24.2,False
XPLRA,2026-09-28,23.2,25.81,32.45,-501.73,False
XRP,2026-09-28,,,56.32,,
XYL,2026-09-28,102.63,129.0,28.87,9.42,False
YUM,2026-09-28,138.63,155.0,40.12,57.04,False
YUMC,2026-09-28,40.47,77.0,34.91,12.58,False
ZEC,2026-09-28,,,60.13,,
ZTO,2026-09-28,19.49,23.0,35.56,25.08,False
